image_url,color_id,product_id
https://images.unsplash.com/photo-1627483297929-37f416fec7cd?crop=entropy&cs=tinysrgb&fit=max&fm=jpg&ixid=MnwyNjY4NDl8MXwxfHNlYXJjaHwxfHxmYXNoaW9ufGVufDB8fHxibGFja3wxNjM0MDEyNjgx&ixlib=rb-1.2.1&q=80&w=400,1,1
https://images.unsplash.com/photo-1485518882345-15568b007407?crop=entropy&cs=tinysrgb&fit=max&fm=jpg&ixid=MnwyNjY4NDl8MHwxfHNlYXJjaHwyfHxmYXNoaW9ufGVufDB8fHxibGFja3wxNjM0MDEyNjgx&ixlib=rb-1.2.1&q=80&w=400,1,1
https://images.unsplash.com/photo-1548918901-9b31223c5c3a?crop=entropy&cs=tinysrgb&fit=max&fm=jpg&ixid=MnwyNjY4NDl8MHwxfHNlYXJjaHwzfHxmYXNoaW9ufGVufDB8fHxibGFja3wxNjM0MDEyNjgx&ixlib=rb-1.2.1&q=80&w=400,1,1
https://images.unsplash.com/photo-1529720317453-c8da503f2051?crop=entropy&cs=tinysrgb&fit=max&fm=jpg&ixid=MnwyNjY4NDl8MHwxfHNlYXJjaHw0fHxmYXNoaW9ufGVufDB8fHxibGFja3wxNjM0MDEyNjgx&ixlib=rb-1.2.1&q=80&w=400,1,1
https://images.unsplash.com/photo-1574015974293-817f0ebebb74?crop=entropy&cs=tinysrgb&fit=max&fm=jpg&ixid=MnwyNjY4NDl8MHwxfHNlYXJjaHw1fHxmYXNoaW9ufGVufDB8fHxibGFja3wxNjM0MDEyNjgx&ixlib=rb-1.2.1&q=80&w=400,1,1
https://images.unsplash.com/photo-1524275539700-cf51138f679b?crop=entropy&cs=tinysrgb&fit=max&fm=jpg&ixid=MnwyNjY4NDl8MHwxfHNlYXJjaHw2fHxmYXNoaW9ufGVufDB8fHxibGFja3wxNjM0MDEyNjgx&ixlib=rb-1.2.1&q=80&w=400,1,1
https://images.unsplash.com/photo-1599032909756-5deb82fea3b0?crop=entropy&cs=tinysrgb&fit=max&fm=jpg&ixid=MnwyNjY4NDl8MHwxfHNlYXJjaHw3fHxmYXNoaW9ufGVufDB8fHxibGFja3wxNjM0MDEyNjgx&ixlib=rb-1.2.1&q=80&w=400,1,1
https://images.unsplash.com/photo-1627483262112-039e9a0a0f16?crop=entropy&cs=tinysrgb&fit=max&fm=jpg&ixid=MnwyNjY4NDl8MXwxfHNlYXJjaHw4fHxmYXNoaW9ufGVufDB8fHxibGFja3wxNjM0MDEyNjgx&ixlib=rb-1.2.1&q=80&w=400,1,1
https://images.unsplash.com/photo-1499971442178-8c10fdf5f6ac?crop=entropy&cs=tinysrgb&fit=max&fm=jpg&ixid=MnwyNjY4NDl8MHwxfHNlYXJjaHw5fHxmYXNoaW9ufGVufDB8fHxibGFja3wxNjM0MDEyNjgx&ixlib=rb-1.2.1&q=80&w=400,1,1
https://images.unsplash.com/photo-1501441858156-e505fb04bfbc?crop=entropy&cs=tinysrgb&fit=max&fm=jpg&ixid=MnwyNjY4NDl8MHwxfHNlYXJjaHwxMHx8ZmFzaGlvbnxlbnwwfHx8YmxhY2t8MTYzNDAxMjY4MQ&ixlib=rb-1.2.1&q=80&w=400,1,1
https://images.unsplash.com/photo-1586527020916-b657d0da85c8?crop=entropy&cs=tinysrgb&fit=max&fm=jpg&ixid=MnwyNjY4NDl8MHwxfHNlYXJjaHwxMXx8ZmFzaGlvbnxlbnwwfHx8YmxhY2t8MTYzNDAxMjY4MQ&ixlib=rb-1.2.1&q=80&w=400,1,1
https://images.unsplash.com/photo-1627483297929-37f416fec7cd?crop=entropy&cs=tinysrgb&fit=max&fm=jpg&ixid=MnwyNjY4NDl8MXwxfHNlYXJjaHwxfHxmYXNoaW9ufGVufDB8fHx3aGl0ZXwxNjM0MDEyODUw&ixlib=rb-1.2.1&q=80&w=400,2,1
https://images.unsplash.com/photo-1537832816519-689ad163238b?crop=entropy&cs=tinysrgb&fit=max&fm=jpg&ixid=MnwyNjY4NDl8MHwxfHNlYXJjaHwyfHxmYXNoaW9ufGVufDB8fHx3aGl0ZXwxNjM0MDEyODUw&ixlib=rb-1.2.1&q=80&w=400,2,1
https://images.unsplash.com/photo-1500643752441-4dc90cda350a?crop=entropy&cs=tinysrgb&fit=max&fm=jpg&ixid=MnwyNjY4NDl8MHwxfHNlYXJjaHwzfHxmYXNoaW9ufGVufDB8fHx3aGl0ZXwxNjM0MDEyODUw&ixlib=rb-1.2.1&q=80&w=400,2,1
https://images.unsplash.com/photo-1557777586-f6682739fcf3?crop=entropy&cs=tinysrgb&fit=max&fm=jpg&ixid=MnwyNjY4NDl8MHwxfHNlYXJjaHw0fHxmYXNoaW9ufGVufDB8fHx3aGl0ZXwxNjM0MDEyODUw&ixlib=rb-1.2.1&q=80&w=400,2,1
https://images.unsplash.com/photo-1554412933-514a83d2f3c8?crop=entropy&cs=tinysrgb&fit=max&fm=jpg&ixid=MnwyNjY4NDl8MHwxfHNlYXJjaHw1fHxmYXNoaW9ufGVufDB8fHx3aGl0ZXwxNjM0MDEyODUw&ixlib=rb-1.2.1&q=80&w=400,2,1
https://images.unsplash.com/photo-1603344797033-f0f4f587ab60?crop=entropy&cs=tinysrgb&fit=max&fm=jpg&ixid=MnwyNjY4NDl8MHwxfHNlYXJjaHw2fHxmYXNoaW9ufGVufDB8fHx3aGl0ZXwxNjM0MDEyODUw&ixlib=rb-1.2.1&q=80&w=400,2,1
https://images.unsplash.com/photo-1603189343302-e603f7add05a?crop=entropy&cs=tinysrgb&fit=max&fm=jpg&ixid=MnwyNjY4NDl8MHwxfHNlYXJjaHw3fHxmYXNoaW9ufGVufDB8fHx3aGl0ZXwxNjM0MDEyODUw&ixlib=rb-1.2.1&q=80&w=400,2,1
https://images.unsplash.com/photo-1627483262112-039e9a0a0f16?crop=entropy&cs=tinysrgb&fit=max&fm=jpg&ixid=MnwyNjY4NDl8MXwxfHNlYXJjaHw4fHxmYXNoaW9ufGVufDB8fHx3aGl0ZXwxNjM0MDEyODUw&ixlib=rb-1.2.1&q=80&w=400,2,1
https://images.unsplash.com/photo-1473861646675-0252edc45daa?crop=entropy&cs=tinysrgb&fit=max&fm=jpg&ixid=MnwyNjY4NDl8MHwxfHNlYXJjaHw5fHxmYXNoaW9ufGVufDB8fHx3aGl0ZXwxNjM0MDEyODUw&ixlib=rb-1.2.1&q=80&w=400,2,1
https://images.unsplash.com/photo-1568252748074-f9c8d964e834?crop=entropy&cs=tinysrgb&fit=max&fm=jpg&ixid=MnwyNjY4NDl8MHwxfHNlYXJjaHwxMHx8ZmFzaGlvbnxlbnwwfHx8d2hpdGV8MTYzNDAxMjg1MA&ixlib=rb-1.2.1&q=80&w=400,2,1
https://images.unsplash.com/photo-1556755211-40b3588fe14e?crop=entropy&cs=tinysrgb&fit=max&fm=jpg&ixid=MnwyNjY4NDl8MHwxfHNlYXJjaHwxMXx8ZmFzaGlvbnxlbnwwfHx8d2hpdGV8MTYzNDAxMjg1MA&ixlib=rb-1.2.1&q=80&w=400,2,1
https://images.unsplash.com/photo-1627483297929-37f416fec7cd?crop=entropy&cs=tinysrgb&fit=max&fm=jpg&ixid=MnwyNjY4NDl8MXwxfHNlYXJjaHwxfHxmYXNoaW9ufGVufDB8fHx5ZWxsb3d8MTYzNDAxMjg1MA&ixlib=rb-1.2.1&q=80&w=400,3,1
https://images.unsplash.com/photo-1562273180-90004dbb33fb?crop=entropy&cs=tinysrgb&fit=max&fm=jpg&ixid=MnwyNjY4NDl8MHwxfHNlYXJjaHwyfHxmYXNoaW9ufGVufDB8fHx5ZWxsb3d8MTYzNDAxMjg1MA&ixlib=rb-1.2.1&q=80&w=400,3,1
https://images.unsplash.com/photo-1577922163181-1b7cf27b6ca1?crop=entropy&cs=tinysrgb&fit=max&fm=jpg&ixid=MnwyNjY4NDl8MHwxfHNlYXJjaHwzfHxmYXNoaW9ufGVufDB8fHx5ZWxsb3d8MTYzNDAxMjg1MA&ixlib=rb-1.2.1&q=80&w=400,3,1
https://images.unsplash.com/photo-1587568763847-9f1ca55775cf?crop=entropy&cs=tinysrgb&fit=max&fm=jpg&ixid=MnwyNjY4NDl8MHwxfHNlYXJjaHw0fHxmYXNoaW9ufGVufDB8fHx5ZWxsb3d8MTYzNDAxMjg1MA&ixlib=rb-1.2.1&q=80&w=400,3,1
https://images.unsplash.com/photo-1580991636226-ec6e0690639d?crop=entropy&cs=tinysrgb&fit=max&fm=jpg&ixid=MnwyNjY4NDl8MHwxfHNlYXJjaHw1fHxmYXNoaW9ufGVufDB8fHx5ZWxsb3d8MTYzNDAxMjg1MA&ixlib=rb-1.2.1&q=80&w=400,3,1
https://images.unsplash.com/photo-1591390298153-a25494c924b8?crop=entropy&cs=tinysrgb&fit=max&fm=jpg&ixid=MnwyNjY4NDl8MHwxfHNlYXJjaHw2fHxmYXNoaW9ufGVufDB8fHx5ZWxsb3d8MTYzNDAxMjg1MA&ixlib=rb-1.2.1&q=80&w=400,3,1
https://images.unsplash.com/photo-1611540497578-4cb17aa00718?crop=entropy&cs=tinysrgb&fit=max&fm=jpg&ixid=MnwyNjY4NDl8MHwxfHNlYXJjaHw3fHxmYXNoaW9ufGVufDB8fHx5ZWxsb3d8MTYzNDAxMjg1MA&ixlib=rb-1.2.1&q=80&w=400,3,1
https://images.unsplash.com/photo-1627483262112-039e9a0a0f16?crop=entropy&cs=tinysrgb&fit=max&fm=jpg&ixid=MnwyNjY4NDl8MXwxfHNlYXJjaHw4fHxmYXNoaW9ufGVufDB8fHx5ZWxsb3d8MTYzNDAxMjg1MA&ixlib=rb-1.2.1&q=80&w=400,3,1
https://images.unsplash.com/photo-1512755051947-dea0029e93ad?crop=entropy&cs=tinysrgb&fit=max&fm=jpg&ixid=MnwyNjY4NDl8MHwxfHNlYXJjaHw5fHxmYXNoaW9ufGVufDB8fHx5ZWxsb3d8MTYzNDAxMjg1MA&ixlib=rb-1.2.1&q=80&w=400,3,1
https://images.unsplash.com/photo-1588343508462-ddad39b0b0b9?crop=entropy&cs=tinysrgb&fit=max&fm=jpg&ixid=MnwyNjY4NDl8MHwxfHNlYXJjaHwxMHx8ZmFzaGlvbnxlbnwwfHx8eWVsbG93fDE2MzQwMTI4NTA&ixlib=rb-1.2.1&q=80&w=400,3,1
https://images.unsplash.com/photo-1588373214030-b19de3de2dd1?crop=entropy&cs=tinysrgb&fit=max&fm=jpg&ixid=MnwyNjY4NDl8MHwxfHNlYXJjaHwxMXx8ZmFzaGlvbnxlbnwwfHx8eWVsbG93fDE2MzQwMTI4NTA&ixlib=rb-1.2.1&q=80&w=400,3,1
https://images.unsplash.com/photo-1627483297929-37f416fec7cd?crop=entropy&cs=tinysrgb&fit=max&fm=jpg&ixid=MnwyNjY4NDl8MXwxfHNlYXJjaHwxfHxmYXNoaW9ufGVufDB8fHxvcmFuZ2V8MTYzNDAxMjg1MA&ixlib=rb-1.2.1&q=80&w=400,4,1
https://images.unsplash.com/photo-1469334031218-e382a71b716b?crop=entropy&cs=tinysrgb&fit=max&fm=jpg&ixid=MnwyNjY4NDl8MHwxfHNlYXJjaHwyfHxmYXNoaW9ufGVufDB8fHxvcmFuZ2V8MTYzNDAxMjg1MA&ixlib=rb-1.2.1&q=80&w=400,4,1
https://images.unsplash.com/photo-1572804013427-4d7ca7268217?crop=entropy&cs=tinysrgb&fit=max&fm=jpg&ixid=MnwyNjY4NDl8MHwxfHNlYXJjaHwzfHxmYXNoaW9ufGVufDB8fHxvcmFuZ2V8MTYzNDAxMjg1MA&ixlib=rb-1.2.1&q=80&w=400,4,1
https://images.unsplash.com/photo-1527203561188-dae1bc1a417f?crop=entropy&cs=tinysrgb&fit=max&fm=jpg&ixid=MnwyNjY4NDl8MHwxfHNlYXJjaHw0fHxmYXNoaW9ufGVufDB8fHxvcmFuZ2V8MTYzNDAxMjg1MA&ixlib=rb-1.2.1&q=80&w=400,4,1
https://images.unsplash.com/photo-1597175848600-5ef8d4d15c30?crop=entropy&cs=tinysrgb&fit=max&fm=jpg&ixid=MnwyNjY4NDl8MHwxfHNlYXJjaHw1fHxmYXNoaW9ufGVufDB8fHxvcmFuZ2V8MTYzNDAxMjg1MA&ixlib=rb-1.2.1&q=80&w=400,4,1
https://images.unsplash.com/photo-1572804013854-26c537be296e?crop=entropy&cs=tinysrgb&fit=max&fm=jpg&ixid=MnwyNjY4NDl8MHwxfHNlYXJjaHw2fHxmYXNoaW9ufGVufDB8fHxvcmFuZ2V8MTYzNDAxMjg1MA&ixlib=rb-1.2.1&q=80&w=400,4,1
https://images.unsplash.com/photo-1608089498304-c325db179aec?crop=entropy&cs=tinysrgb&fit=max&fm=jpg&ixid=MnwyNjY4NDl8MHwxfHNlYXJjaHw3fHxmYXNoaW9ufGVufDB8fHxvcmFuZ2V8MTYzNDAxMjg1MA&ixlib=rb-1.2.1&q=80&w=400,4,1
https://images.unsplash.com/photo-1627483262112-039e9a0a0f16?crop=entropy&cs=tinysrgb&fit=max&fm=jpg&ixid=MnwyNjY4NDl8MXwxfHNlYXJjaHw4fHxmYXNoaW9ufGVufDB8fHxvcmFuZ2V8MTYzNDAxMjg1MA&ixlib=rb-1.2.1&q=80&w=400,4,1
https://images.unsplash.com/photo-1622618991746-fe6004db3a47?crop=entropy&cs=tinysrgb&fit=max&fm=jpg&ixid=MnwyNjY4NDl8MHwxfHNlYXJjaHw5fHxmYXNoaW9ufGVufDB8fHxvcmFuZ2V8MTYzNDAxMjg1MA&ixlib=rb-1.2.1&q=80&w=400,4,1
https://images.unsplash.com/photo-1553463094-175cedaa2ca6?crop=entropy&cs=tinysrgb&fit=max&fm=jpg&ixid=MnwyNjY4NDl8MHwxfHNlYXJjaHwxMHx8ZmFzaGlvbnxlbnwwfHx8b3JhbmdlfDE2MzQwMTI4NTA&ixlib=rb-1.2.1&q=80&w=400,4,1
https://images.unsplash.com/photo-1602809152936-69998e858e83?crop=entropy&cs=tinysrgb&fit=max&fm=jpg&ixid=MnwyNjY4NDl8MHwxfHNlYXJjaHwxMXx8ZmFzaGlvbnxlbnwwfHx8b3JhbmdlfDE2MzQwMTI4NTA&ixlib=rb-1.2.1&q=80&w=400,4,1
https://images.unsplash.com/photo-1627483297929-37f416fec7cd?crop=entropy&cs=tinysrgb&fit=max&fm=jpg&ixid=MnwyNjY4NDl8MXwxfHNlYXJjaHwxfHxmYXNoaW9ufGVufDB8fHxyZWR8MTYzNDAxMjg1MQ&ixlib=rb-1.2.1&q=80&w=400,5,1
https://images.unsplash.com/photo-1516575150278-77136aed6920?crop=entropy&cs=tinysrgb&fit=max&fm=jpg&ixid=MnwyNjY4NDl8MHwxfHNlYXJjaHwyfHxmYXNoaW9ufGVufDB8fHxyZWR8MTYzNDAxMjg1MQ&ixlib=rb-1.2.1&q=80&w=400,5,1
https://images.unsplash.com/photo-1586057708056-6149710c46cd?crop=entropy&cs=tinysrgb&fit=max&fm=jpg&ixid=MnwyNjY4NDl8MHwxfHNlYXJjaHwzfHxmYXNoaW9ufGVufDB8fHxyZWR8MTYzNDAxMjg1MQ&ixlib=rb-1.2.1&q=80&w=400,5,1
https://images.unsplash.com/photo-1609195994377-dbffba3a4eb4?crop=entropy&cs=tinysrgb&fit=max&fm=jpg&ixid=MnwyNjY4NDl8MHwxfHNlYXJjaHw0fHxmYXNoaW9ufGVufDB8fHxyZWR8MTYzNDAxMjg1MQ&ixlib=rb-1.2.1&q=80&w=400,5,1
https://images.unsplash.com/photo-1518366352543-6609db5ccdef?crop=entropy&cs=tinysrgb&fit=max&fm=jpg&ixid=MnwyNjY4NDl8MHwxfHNlYXJjaHw1fHxmYXNoaW9ufGVufDB8fHxyZWR8MTYzNDAxMjg1MQ&ixlib=rb-1.2.1&q=80&w=400,5,1
https://images.unsplash.com/photo-1627484631037-ec4955675661?crop=entropy&cs=tinysrgb&fit=max&fm=jpg&ixid=MnwyNjY4NDl8MHwxfHNlYXJjaHw2fHxmYXNoaW9ufGVufDB8fHxyZWR8MTYzNDAxMjg1MQ&ixlib=rb-1.2.1&q=80&w=400,5,1
https://images.unsplash.com/photo-1618245613901-e52b7e0123c7?crop=entropy&cs=tinysrgb&fit=max&fm=jpg&ixid=MnwyNjY4NDl8MHwxfHNlYXJjaHw3fHxmYXNoaW9ufGVufDB8fHxyZWR8MTYzNDAxMjg1MQ&ixlib=rb-1.2.1&q=80&w=400,5,1
https://images.unsplash.com/photo-1627483262112-039e9a0a0f16?crop=entropy&cs=tinysrgb&fit=max&fm=jpg&ixid=MnwyNjY4NDl8MXwxfHNlYXJjaHw4fHxmYXNoaW9ufGVufDB8fHxyZWR8MTYzNDAxMjg1MQ&ixlib=rb-1.2.1&q=80&w=400,5,1
https://images.unsplash.com/photo-1600680725775-21c5927dbf74?crop=entropy&cs=tinysrgb&fit=max&fm=jpg&ixid=MnwyNjY4NDl8MHwxfHNlYXJjaHw5fHxmYXNoaW9ufGVufDB8fHxyZWR8MTYzNDAxMjg1MQ&ixlib=rb-1.2.1&q=80&w=400,5,1
https://images.unsplash.com/photo-1602013639049-68dadf4ea7f3?crop=entropy&cs=tinysrgb&fit=max&fm=jpg&ixid=MnwyNjY4NDl8MHwxfHNlYXJjaHwxMHx8ZmFzaGlvbnxlbnwwfHx8cmVkfDE2MzQwMTI4NTE&ixlib=rb-1.2.1&q=80&w=400,5,1
https://images.unsplash.com/photo-1532795986-dbef1643a596?crop=entropy&cs=tinysrgb&fit=max&fm=jpg&ixid=MnwyNjY4NDl8MHwxfHNlYXJjaHwxMXx8ZmFzaGlvbnxlbnwwfHx8cmVkfDE2MzQwMTI4NTE&ixlib=rb-1.2.1&q=80&w=400,5,1
https://images.unsplash.com/photo-1627483297929-37f416fec7cd?crop=entropy&cs=tinysrgb&fit=max&fm=jpg&ixid=MnwyNjY4NDl8MXwxfHNlYXJjaHwxfHxmYXNoaW9ufGVufDB8fHxwdXJwbGV8MTYzNDAxMjg1MA&ixlib=rb-1.2.1&q=80&w=400,6,1
https://images.unsplash.com/photo-1520591799316-6b30425429aa?crop=entropy&cs=tinysrgb&fit=max&fm=jpg&ixid=MnwyNjY4NDl8MHwxfHNlYXJjaHwyfHxmYXNoaW9ufGVufDB8fHxwdXJwbGV8MTYzNDAxMjg1MA&ixlib=rb-1.2.1&q=80&w=400,6,1
https://images.unsplash.com/photo-1513326765101-7f735faae181?crop=entropy&cs=tinysrgb&fit=max&fm=jpg&ixid=MnwyNjY4NDl8MHwxfHNlYXJjaHwzfHxmYXNoaW9ufGVufDB8fHxwdXJwbGV8MTYzNDAxMjg1MA&ixlib=rb-1.2.1&q=80&w=400,6,1
https://images.unsplash.com/photo-1501196354995-cbb51c65aaea?crop=entropy&cs=tinysrgb&fit=max&fm=jpg&ixid=MnwyNjY4NDl8MHwxfHNlYXJjaHw0fHxmYXNoaW9ufGVufDB8fHxwdXJwbGV8MTYzNDAxMjg1MA&ixlib=rb-1.2.1&q=80&w=400,6,1
https://images.unsplash.com/photo-1507114845806-0347f6150324?crop=entropy&cs=tinysrgb&fit=max&fm=jpg&ixid=MnwyNjY4NDl8MHwxfHNlYXJjaHw1fHxmYXNoaW9ufGVufDB8fHxwdXJwbGV8MTYzNDAxMjg1MA&ixlib=rb-1.2.1&q=80&w=400,6,1
https://images.unsplash.com/photo-1526887520775-4b14b8aed897?crop=entropy&cs=tinysrgb&fit=max&fm=jpg&ixid=MnwyNjY4NDl8MHwxfHNlYXJjaHw2fHxmYXNoaW9ufGVufDB8fHxwdXJwbGV8MTYzNDAxMjg1MA&ixlib=rb-1.2.1&q=80&w=400,6,1
https://images.unsplash.com/photo-1587754568293-1d042d43fff5?crop=entropy&cs=tinysrgb&fit=max&fm=jpg&ixid=MnwyNjY4NDl8MHwxfHNlYXJjaHw3fHxmYXNoaW9ufGVufDB8fHxwdXJwbGV8MTYzNDAxMjg1MA&ixlib=rb-1.2.1&q=80&w=400,6,1
https://images.unsplash.com/photo-1627483262112-039e9a0a0f16?crop=entropy&cs=tinysrgb&fit=max&fm=jpg&ixid=MnwyNjY4NDl8MXwxfHNlYXJjaHw4fHxmYXNoaW9ufGVufDB8fHxwdXJwbGV8MTYzNDAxMjg1MA&ixlib=rb-1.2.1&q=80&w=400,6,1
https://images.unsplash.com/photo-1523464771852-de9293765f7a?crop=entropy&cs=tinysrgb&fit=max&fm=jpg&ixid=MnwyNjY4NDl8MHwxfHNlYXJjaHw5fHxmYXNoaW9ufGVufDB8fHxwdXJwbGV8MTYzNDAxMjg1MA&ixlib=rb-1.2.1&q=80&w=400,6,1
https://images.unsplash.com/photo-1520013135029-3c324dc527a0?crop=entropy&cs=tinysrgb&fit=max&fm=jpg&ixid=MnwyNjY4NDl8MHwxfHNlYXJjaHwxMHx8ZmFzaGlvbnxlbnwwfHx8cHVycGxlfDE2MzQwMTI4NTA&ixlib=rb-1.2.1&q=80&w=400,6,1
https://images.unsplash.com/photo-1535463861654-838685c8e158?crop=entropy&cs=tinysrgb&fit=max&fm=jpg&ixid=MnwyNjY4NDl8MHwxfHNlYXJjaHwxMXx8ZmFzaGlvbnxlbnwwfHx8cHVycGxlfDE2MzQwMTI4NTE&ixlib=rb-1.2.1&q=80&w=400,6,1
https://images.unsplash.com/photo-1627483297929-37f416fec7cd?crop=entropy&cs=tinysrgb&fit=max&fm=jpg&ixid=MnwyNjY4NDl8MXwxfHNlYXJjaHwxfHxmYXNoaW9ufGVufDB8fHxtYWdlbnRhfDE2MzQwMTI4NTA&ixlib=rb-1.2.1&q=80&w=400,7,1
https://images.unsplash.com/photo-1627483262112-039e9a0a0f16?crop=entropy&cs=tinysrgb&fit=max&fm=jpg&ixid=MnwyNjY4NDl8MXwxfHNlYXJjaHwyfHxmYXNoaW9ufGVufDB8fHxtYWdlbnRhfDE2MzQwMTI4NTA&ixlib=rb-1.2.1&q=80&w=400,7,1
https://images.unsplash.com/photo-1627483297929-37f416fec7cd?crop=entropy&cs=tinysrgb&fit=max&fm=jpg&ixid=MnwyNjY4NDl8MXwxfHNlYXJjaHwxfHxmYXNoaW9ufGVufDB8fHxncmVlbnwxNjM0MDEyODUw&ixlib=rb-1.2.1&q=80&w=400,8,1
https://images.unsplash.com/photo-1532328076801-a862c9d5a74a?crop=entropy&cs=tinysrgb&fit=max&fm=jpg&ixid=MnwyNjY4NDl8MHwxfHNlYXJjaHwyfHxmYXNoaW9ufGVufDB8fHxncmVlbnwxNjM0MDEyODUw&ixlib=rb-1.2.1&q=80&w=400,8,1
https://images.unsplash.com/photo-1562645361-c88442d7bc58?crop=entropy&cs=tinysrgb&fit=max&fm=jpg&ixid=MnwyNjY4NDl8MHwxfHNlYXJjaHwzfHxmYXNoaW9ufGVufDB8fHxncmVlbnwxNjM0MDEyODUw&ixlib=rb-1.2.1&q=80&w=400,8,1
https://images.unsplash.com/photo-1508181238439-4c822474ac4a?crop=entropy&cs=tinysrgb&fit=max&fm=jpg&ixid=MnwyNjY4NDl8MHwxfHNlYXJjaHw0fHxmYXNoaW9ufGVufDB8fHxncmVlbnwxNjM0MDEyODUw&ixlib=rb-1.2.1&q=80&w=400,8,1
https://images.unsplash.com/photo-1574327694472-d172fb4d5865?crop=entropy&cs=tinysrgb&fit=max&fm=jpg&ixid=MnwyNjY4NDl8MHwxfHNlYXJjaHw1fHxmYXNoaW9ufGVufDB8fHxncmVlbnwxNjM0MDEyODUw&ixlib=rb-1.2.1&q=80&w=400,8,1
https://images.unsplash.com/photo-1550471227-ea6c7faa7b8e?crop=entropy&cs=tinysrgb&fit=max&fm=jpg&ixid=MnwyNjY4NDl8MHwxfHNlYXJjaHw2fHxmYXNoaW9ufGVufDB8fHxncmVlbnwxNjM0MDEyODUw&ixlib=rb-1.2.1&q=80&w=400,8,1
https://images.unsplash.com/photo-1617339847542-5257a2f8b145?crop=entropy&cs=tinysrgb&fit=max&fm=jpg&ixid=MnwyNjY4NDl8MHwxfHNlYXJjaHw3fHxmYXNoaW9ufGVufDB8fHxncmVlbnwxNjM0MDEyODUw&ixlib=rb-1.2.1&q=80&w=400,8,1
https://images.unsplash.com/photo-1627483262112-039e9a0a0f16?crop=entropy&cs=tinysrgb&fit=max&fm=jpg&ixid=MnwyNjY4NDl8MXwxfHNlYXJjaHw4fHxmYXNoaW9ufGVufDB8fHxncmVlbnwxNjM0MDEyODUw&ixlib=rb-1.2.1&q=80&w=400,8,1
https://images.unsplash.com/photo-1531353217282-64e6ab85d240?crop=entropy&cs=tinysrgb&fit=max&fm=jpg&ixid=MnwyNjY4NDl8MHwxfHNlYXJjaHw5fHxmYXNoaW9ufGVufDB8fHxncmVlbnwxNjM0MDEyODUw&ixlib=rb-1.2.1&q=80&w=400,8,1
https://images.unsplash.com/photo-1616107540216-addc29b66c0f?crop=entropy&cs=tinysrgb&fit=max&fm=jpg&ixid=MnwyNjY4NDl8MHwxfHNlYXJjaHwxMHx8ZmFzaGlvbnxlbnwwfHx8Z3JlZW58MTYzNDAxMjg1MA&ixlib=rb-1.2.1&q=80&w=400,8,1
https://images.unsplash.com/photo-1588181873130-f077dcbce5bb?crop=entropy&cs=tinysrgb&fit=max&fm=jpg&ixid=MnwyNjY4NDl8MHwxfHNlYXJjaHwxMXx8ZmFzaGlvbnxlbnwwfHx8Z3JlZW58MTYzNDAxMjg1MA&ixlib=rb-1.2.1&q=80&w=400,8,1
https://images.unsplash.com/photo-1627483297929-37f416fec7cd?crop=entropy&cs=tinysrgb&fit=max&fm=jpg&ixid=MnwyNjY4NDl8MXwxfHNlYXJjaHwxfHxmYXNoaW9ufGVufDB8fHx0ZWFsfDE2MzQwMTI4NTE&ixlib=rb-1.2.1&q=80&w=400,9,1
https://images.unsplash.com/photo-1508181238439-4c822474ac4a?crop=entropy&cs=tinysrgb&fit=max&fm=jpg&ixid=MnwyNjY4NDl8MHwxfHNlYXJjaHwyfHxmYXNoaW9ufGVufDB8fHx0ZWFsfDE2MzQwMTI4NTE&ixlib=rb-1.2.1&q=80&w=400,9,1
https://images.unsplash.com/photo-1586924234039-d0f3b6dcab92?crop=entropy&cs=tinysrgb&fit=max&fm=jpg&ixid=MnwyNjY4NDl8MHwxfHNlYXJjaHwzfHxmYXNoaW9ufGVufDB8fHx0ZWFsfDE2MzQwMTI4NTE&ixlib=rb-1.2.1&q=80&w=400,9,1
https://images.unsplash.com/photo-1511426463457-0571e247d816?crop=entropy&cs=tinysrgb&fit=max&fm=jpg&ixid=MnwyNjY4NDl8MHwxfHNlYXJjaHw0fHxmYXNoaW9ufGVufDB8fHx0ZWFsfDE2MzQwMTI4NTE&ixlib=rb-1.2.1&q=80&w=400,9,1
https://images.unsplash.com/photo-1564414685197-8fdac6c8d31e?crop=entropy&cs=tinysrgb&fit=max&fm=jpg&ixid=MnwyNjY4NDl8MHwxfHNlYXJjaHw1fHxmYXNoaW9ufGVufDB8fHx0ZWFsfDE2MzQwMTI4NTE&ixlib=rb-1.2.1&q=80&w=400,9,1
https://images.unsplash.com/photo-1585299204026-c5871623772e?crop=entropy&cs=tinysrgb&fit=max&fm=jpg&ixid=MnwyNjY4NDl8MHwxfHNlYXJjaHw2fHxmYXNoaW9ufGVufDB8fHx0ZWFsfDE2MzQwMTI4NTE&ixlib=rb-1.2.1&q=80&w=400,9,1
https://images.unsplash.com/photo-1507065938252-17f453893fc3?crop=entropy&cs=tinysrgb&fit=max&fm=jpg&ixid=MnwyNjY4NDl8MHwxfHNlYXJjaHw3fHxmYXNoaW9ufGVufDB8fHx0ZWFsfDE2MzQwMTI4NTE&ixlib=rb-1.2.1&q=80&w=400,9,1
https://images.unsplash.com/photo-1627483262112-039e9a0a0f16?crop=entropy&cs=tinysrgb&fit=max&fm=jpg&ixid=MnwyNjY4NDl8MXwxfHNlYXJjaHw4fHxmYXNoaW9ufGVufDB8fHx0ZWFsfDE2MzQwMTI4NTE&ixlib=rb-1.2.1&q=80&w=400,9,1
https://images.unsplash.com/photo-1542601425-2e2fe376fe56?crop=entropy&cs=tinysrgb&fit=max&fm=jpg&ixid=MnwyNjY4NDl8MHwxfHNlYXJjaHw5fHxmYXNoaW9ufGVufDB8fHx0ZWFsfDE2MzQwMTI4NTE&ixlib=rb-1.2.1&q=80&w=400,9,1
https://images.unsplash.com/photo-1602743051958-baa347053a13?crop=entropy&cs=tinysrgb&fit=max&fm=jpg&ixid=MnwyNjY4NDl8MHwxfHNlYXJjaHwxMHx8ZmFzaGlvbnxlbnwwfHx8dGVhbHwxNjM0MDEyODUx&ixlib=rb-1.2.1&q=80&w=400,9,1
https://images.unsplash.com/photo-1614265591944-4350bf840a43?crop=entropy&cs=tinysrgb&fit=max&fm=jpg&ixid=MnwyNjY4NDl8MHwxfHNlYXJjaHwxMXx8ZmFzaGlvbnxlbnwwfHx8dGVhbHwxNjM0MDEyODUx&ixlib=rb-1.2.1&q=80&w=400,9,1
https://images.unsplash.com/photo-1627483297929-37f416fec7cd?crop=entropy&cs=tinysrgb&fit=max&fm=jpg&ixid=MnwyNjY4NDl8MXwxfHNlYXJjaHwxfHxmYXNoaW9ufGVufDB8fHxibHVlfDE2MzQwMTI4NTA&ixlib=rb-1.2.1&q=80&w=400,10,1
https://images.unsplash.com/photo-1509631179647-0177331693ae?crop=entropy&cs=tinysrgb&fit=max&fm=jpg&ixid=MnwyNjY4NDl8MHwxfHNlYXJjaHwyfHxmYXNoaW9ufGVufDB8fHxibHVlfDE2MzQwMTI4NTA&ixlib=rb-1.2.1&q=80&w=400,10,1
https://images.unsplash.com/photo-1496747611176-843222e1e57c?crop=entropy&cs=tinysrgb&fit=max&fm=jpg&ixid=MnwyNjY4NDl8MHwxfHNlYXJjaHwzfHxmYXNoaW9ufGVufDB8fHxibHVlfDE2MzQwMTI4NTA&ixlib=rb-1.2.1&q=80&w=400,10,1
https://images.unsplash.com/photo-1551803091-e20673f15770?crop=entropy&cs=tinysrgb&fit=max&fm=jpg&ixid=MnwyNjY4NDl8MHwxfHNlYXJjaHw0fHxmYXNoaW9ufGVufDB8fHxibHVlfDE2MzQwMTI4NTA&ixlib=rb-1.2.1&q=80&w=400,10,1
https://images.unsplash.com/photo-1543163521-1bf539c55dd2?crop=entropy&cs=tinysrgb&fit=max&fm=jpg&ixid=MnwyNjY4NDl8MHwxfHNlYXJjaHw1fHxmYXNoaW9ufGVufDB8fHxibHVlfDE2MzQwMTI4NTA&ixlib=rb-1.2.1&q=80&w=400,10,1
https://images.unsplash.com/photo-1530735038726-a73fd6e6a349?crop=entropy&cs=tinysrgb&fit=max&fm=jpg&ixid=MnwyNjY4NDl8MHwxfHNlYXJjaHw2fHxmYXNoaW9ufGVufDB8fHxibHVlfDE2MzQwMTI4NTA&ixlib=rb-1.2.1&q=80&w=400,10,1
https://images.unsplash.com/photo-1552874869-5c39ec9288dc?crop=entropy&cs=tinysrgb&fit=max&fm=jpg&ixid=MnwyNjY4NDl8MHwxfHNlYXJjaHw3fHxmYXNoaW9ufGVufDB8fHxibHVlfDE2MzQwMTI4NTA&ixlib=rb-1.2.1&q=80&w=400,10,1
https://images.unsplash.com/photo-1627483262112-039e9a0a0f16?crop=entropy&cs=tinysrgb&fit=max&fm=jpg&ixid=MnwyNjY4NDl8MXwxfHNlYXJjaHw4fHxmYXNoaW9ufGVufDB8fHxibHVlfDE2MzQwMTI4NTA&ixlib=rb-1.2.1&q=80&w=400,10,1
https://images.unsplash.com/photo-1566174053879-31528523f8ae?crop=entropy&cs=tinysrgb&fit=max&fm=jpg&ixid=MnwyNjY4NDl8MHwxfHNlYXJjaHw5fHxmYXNoaW9ufGVufDB8fHxibHVlfDE2MzQwMTI4NTA&ixlib=rb-1.2.1&q=80&w=400,10,1
https://images.unsplash.com/photo-1534528741775-53994a69daeb?crop=entropy&cs=tinysrgb&fit=max&fm=jpg&ixid=MnwyNjY4NDl8MHwxfHNlYXJjaHwxMHx8ZmFzaGlvbnxlbnwwfHx8Ymx1ZXwxNjM0MDEyODUw&ixlib=rb-1.2.1&q=80&w=400,10,1
https://images.unsplash.com/photo-1541130292430-a832637ddc0d?crop=entropy&cs=tinysrgb&fit=max&fm=jpg&ixid=MnwyNjY4NDl8MHwxfHNlYXJjaHwxMXx8ZmFzaGlvbnxlbnwwfHx8Ymx1ZXwxNjM0MDEyODUx&ixlib=rb-1.2.1&q=80&w=400,10,1
